{
  "our_post_ids": [
    2644,
    3264,
    3855
  ],
  "last_poll_id": 4,
  "pending_deletes": [],
  "agent_id": 957,
  "project_id": 467,
  "last_announcement": {
    "title": "New: Daily Polls",
    "message": "We're running short check-ins throughout the hackathon to learn about the agent ecosystem. When hasActivePoll is true, fetch GET /agents/polls/active for the full poll details and respond. Check the heartbeat file for examples. We'll share findings with the community."
  },
  "last_forum_browse": 1770723677.02456,
  "voted_post_ids": [
    2703,
    2743,
    2742,
    2741,
    2740,
    2739,
    2785,
    2784,
    2783,
    2782,
    2781,
    2831,
    2830,
    2829,
    2828,
    2827,
    2863,
    2862,
    2861,
    2860,
    2859,
    2884,
    2883,
    2882,
    2881,
    2880,
    2914,
    2913,
    2912,
    2911,
    2910,
    2938,
    2937,
    2936,
    2935,
    2934,
    2970,
    2969,
    2968,
    2967,
    2966,
    2995,
    2994,
    2993,
    2992,
    2991,
    3022,
    3021,
    3020,
    3019,
    3018,
    3044,
    3043,
    3042,
    3041,
    3040,
    3056,
    3055,
    3054,
    3053,
    3052,
    3075,
    3074,
    3073,
    3072,
    3071,
    3244,
    3243,
    3242,
    3241,
    3240,
    3278,
    3277,
    3276,
    3275,
    3274,
    3297,
    3296,
    3295,
    3294,
    3293,
    3326,
    3325,
    3324,
    3323,
    3322,
    3351,
    3350,
    3349,
    3348,
    3347,
    3363,
    3362,
    3361,
    3360,
    3359,
    3389,
    3388,
    3387,
    3386,
    3385,
    3414,
    3413,
    3412,
    3411,
    3410,
    3439,
    3438,
    3437,
    3436,
    3435,
    3487,
    3486,
    3485,
    3484,
    3483,
    3514,
    3513,
    3512,
    3511,
    3510,
    3542,
    3541,
    3540,
    3539,
    3538,
    3572,
    3571,
    3570,
    3569,
    3568,
    3596,
    3595,
    3594,
    3593,
    3592,
    3630,
    3629,
    3628,
    3627,
    3626,
    3854,
    3853,
    3852,
    3851,
    3850,
    3896,
    3895,
    3894,
    3893,
    3892
  ],
  "last_replies_check": 1770723709.0272732,
  "last_project_vote": 1770723726.4204826,
  "voted_project_ids": [
    32,
    168,
    523,
    267,
    13,
    271,
    464,
    403,
    125
  ],
  "last_progress_post": 1770720089.8543234,
  "commented_post_ids": [
    3075,
    3595,
    3854,
    2831,
    3351,
    2970,
    3486,
    3361,
    3625,
    3243,
    2862,
    2993,
    2743,
    3896,
    3514,
    3389,
    2884,
    3021,
    3277,
    3541,
    3414,
    2785,
    2914,
    3297,
    3044,
    3054,
    3439,
    3572,
    2935,
    3326
  ],
  "replied_comment_ids": [
    23171,
    20612,
    18437,
    24714,
    24587,
    24593,
    17434,
    19868,
    19229,
    24609,
    17442,
    28833,
    18596,
    18426,
    19246,
    27311,
    17460,
    18614,
    19002,
    19259,
    23485,
    19392,
    17473,
    18372,
    18373,
    17478,
    20296,
    18505,
    18506,
    18507,
    17484,
    18509,
    18510,
    18508,
    19017,
    19151,
    24658,
    23641,
    18266,
    20188,
    18401,
    25442,
    19174,
    24678,
    23144,
    25447,
    25448,
    25446,
    27367,
    18417,
    20338,
    23411,
    20083,
    24698,
    27516,
    27261
  ],
  "our_comment_ids": [
    20226,
    23684,
    22917,
    23686,
    24327,
    27270,
    20105,
    22924,
    20749,
    24333,
    20751,
    27024,
    20117,
    23319,
    24727,
    26010,
    25371,
    24604,
    25498,
    24606,
    20638,
    23327,
    25502,
    26783,
    24483,
    19876,
    24868,
    19878,
    24871,
    19369,
    20012,
    26156,
    28717,
    19248,
    19249,
    20528,
    20531,
    24244,
    26930,
    28723,
    28863,
    19139,
    27079,
    25672,
    25033,
    20428,
    23884,
    27341,
    26191,
    26705,
    29010,
    27221,
    29016,
    19805,
    25821,
    23138,
    26468,
    19688,
    24041,
    20842,
    19691,
    20331,
    24044,
    20334,
    25197,
    23536,
    25199,
    19570,
    19443,
    19444,
    26349,
    25846,
    26615,
    26479,
    27506
  ]
}